2,travel,2,3
3,soccer,2,4
4,story,3,5
5,book one,4,6
6,book two,4,7
7,book three,4,8
8,1,5,2
9,1,6,9
10,one,12,10
11,test,13,6
12,one,14,6
13,test,15,11
14,two,15,12
15,two,16,12
16,trial one,17,13
17,trial two,17,13
18,trial three,17,13
19,trial four,17,14
20,iodf,18,15
21,fjdi,19,16
22,tee,19,17
23,sdagafdg,20,18
24,fgsd,21,19
25,twotwotwo,22,20
27,2,31,30
28,yesy,25,23
29,testBook,26,24
31,agsdfg,28,26
33,dhgasdg,29,28
34,sdfv,30,30
35,test,36,32
36,one two,37,33
37,two one,37,34
38,3,38,35
39,test,39,36
